cid,rsip,xname,xsip,csecret,atok,rtok,asip,atokexp,rtokexp,pubkey,privkey,checkpin
pedro--vhost-959@terrortime.app,,pedro--vhost-959@terrortime.app,chat.terrortime.app,ï¿½ï¿½ï¿½oMï¿½?ï¿½ï¿½&:ï¿½sï¿½ï¿½,,,register.terrortime.app,0,0,"-----BEGIN PUBLIC KEY-----
MIIBITANBgkqhkiG9w0BAQEFAAOCAQ4AMIIBCQKCAQAJFZ1WVRVc3ZAkXFFvN3mM
Dm0Iqe8nbcDlxgFcQSZvpXQfZnI/1kW8I7zjdcA9MwBK1h13+bld3cvF89R0DSjQ
jXb9czmwMNMvLZaPXDOXlHDVTpaSjMLx6D5ASF8akxBx9w1eL+0xE8pYC7doeiG3
noEQEQWT+QDb8MAmZlY8+/U7OWPxm8vG0TdNPM6Ggqfzwy7GDdke2k1g6eTVTLDe
6dot+qoJhSmOIUfKppUqFzCT9WK70kuqQq3zOs8DVgeZ3eY7/bmmFCxggBxEK9/S
mPz63WiD6357n02tAAscmlnDqEjOkqGYxO3UusHCon91Z6y+Ld/+b3P5kms3A/1H
AgMBAAE=
-----END PUBLIC KEY-----
","ï¿½ï¿½+kï¿½ï¿½ï¿½qï¿½Dï¿½BHï¿½cï¿½=#ï¿½ï¿½xï¿½Mï¿½oï¿½9ï¿½,Wï¿½ï¿½ï¿½ï¿½Kï¿½
ï¿½ï¿½Gï¿½ï¿½ï¿½ï¿½ï¿½rï¿½9zï¿½'-rï¿½~vï¿½Vï¿½ï¿½ï¿½ï¿½A?;ï¿½ï¿½1fï¿½ï¿½\ï¿½V#ï¿½ï¿½Å—gï¿½c>.ï¿½0ï¿½v9:#8ï¿½ï¿½3ï¿½ï¿½ï¿½[ï¿½
ï¿½ï¿½ï¿½#ï¿½ï¿½y Ô¢8ï¿½Eï¿½0ï¿½ï¿½ï¿½Hï¿½ï¿½ï¿½)ï¿½ï¿½Aï¿½ï¿½aPÇ aï¿½ï¿½`XG/ï¿½-n9ï¿½ï¿½ï¿½ï¿½ï¿½Wï¿½ï¿½ï¿½ï¿½
Sï¿½ï¿½wZï¿½ï¿½(ï¿½ï¿½ï¿½
F0zÜ±<ï¿½ï¿½ï¿½ï¿½8ï¿½ï¿½;ï¿½ï¿½ï¿½|Ñ£2ï¿½ï¿½,2ï¿½?[(1ï¿½ï¿½ï¿½?pbï¿½HYï¿½[~oHKï¿½ï¿½#ï¿½e",q<:4ï¿½Rï¿½ï¿½iIï¿½ï¿½|oDÖ¸ï¿½ï¿½ï¿½Aï¿½j|ï¿½%ï¿½n
